Strain	N_spacers	Type	Sequence	Sequence_basename	Duplicated_Spacers	CRISPR_Id	CRISPR_Start	CRISPR_End	CRISPR_Length	Potential_Orientation (AT%)	CRISPRDirection	Consensus_Repeat	Repeat_ID (CRISPRdb)	Nb_CRISPRs_with_same_Repeat (CRISPRdb)	Repeat_Length	Spacers_Nb	Mean_size_Spacers	Standard_Deviation_Spacers	Nb_Repeats_matching_Consensus	Ratio_Repeats_match/TotalRepeat	Conservation_Repeats (% identity)	EBcons_Repeats	Conservation_Spacers (% identity)	EBcons_Spacers	Repeat_Length_plus_mean_size_Spacers	Ratio_Repeat/mean_Spacers_Length	CRISPR_found_in_DB (if sequence IDs are similar)	Evidence_Level	ID
16_5	6		NZ_CP110921_1_Methylococcus_species_strain_strain	NZ_CP110921_1_Methylococcus_species_strain_strain	0	NZ_CP110921_1_Methylococcus_species_strain_strain_1	639426	639886	460	Forward	Unknown	GGTAGTAATCGAGACCTGATGAAGAAGGGATTAAGAC	Unknown	0	37	6	33.6666666666667	0.816496580927726	6	0.857142857142857	97.2972972972973	98.4008843822099	2.27272727272727	0.0	70.6666666666667	1.0990099009901	0	4	Sequence_NZ_CP110921_1_Methylococcus_species_strain_strain-crispr_NZ_CP110921_1_Methylococcus_species_strain_strain_1-spacers.fa
16_5	7		NZ_CP110921_1_Methylococcus_species_strain_strain	NZ_CP110921_1_Methylococcus_species_strain_strain	0	NZ_CP110921_1_Methylococcus_species_strain_strain_2	656800	657324	524	Forward	Unknown	GTAGTAACTGAGACCTGATGAAGAAGGGATTAAGAC	Unknown	0	36	7	33.8571428571429	1.3451854182691	6	0.75	77.7777777777778	86.4826965920658	0.0	0.0	69.8571428571429	1.06329113924051	0	4	Sequence_NZ_CP110921_1_Methylococcus_species_strain_strain-crispr_NZ_CP110921_1_Methylococcus_species_strain_strain_2-spacers.fa
Bath	62	CAS-TypeIC	AE017282_2_Methylococcus_species_strain_strain	AE017282_2_Methylococcus_species_strain_strain	1	AE017282_2_Methylococcus_species_strain_strain_1	679953	684452	4499	Forward	R [0,4.87   Confidence: HIGH]	GTTTCAATCCACTCCCGGCTATTTAGCCGGGAGATAC	R6757	1	37	62	34.9838709677419	1.20778805387275	62	0.984126984126984	84.6153846153846	98.7939008650373	0.0	0.0	71.9838709677419	1.05763024435224	0	4	Sequence_AE017282_2_Methylococcus_species_strain_strain-crispr_AE017282_2_Methylococcus_species_strain_strain_1-spacers.fa
Bath	7	CAS-TypeIE	AE017282_2_Methylococcus_species_strain_strain	AE017282_2_Methylococcus_species_strain_strain	0	AE017282_2_Methylococcus_species_strain_strain_2	971788	972242	454	Reverse	R [0,0.74   Confidence: HIGH]	GGTCTATCCCCGCGTGTGCGGGGGAGCC	R5229	1	28	7	33.0	0.0	7	875	96.4285714285714	98.0586984171443	0.0	0.0	61.0	0.848484848484849	0	4	Sequence_AE017282_2_Methylococcus_species_strain_strain-crispr_AE017282_2_Methylococcus_species_strain_strain_2-spacers.fa
c8	182		1_Methylococcus_species_strain_strain	1_Methylococcus_species_strain_strain	1	1_Methylococcus_species_strain_strain_6	2253902	2267021	13119	Forward	R [0,4.87   Confidence: HIGH]	GTTTCAATCCACTCCCGGCTATTTAGCCGGGAGATAC	R6757	1	37	182	34.8846153846154	1.04214219206943	181	0.989071038251366	94.5945945945946	99.7355059551081	0.0	0.0	71.8846153846154	1.0606394707828	0	4	Sequence_1_Methylococcus_species_strain_strain-crispr_1_Methylococcus_species_strain_strain_6-spacers.fa
c8	58		1_Methylococcus_species_strain_strain	1_Methylococcus_species_strain_strain	1	1_Methylococcus_species_strain_strain_8	3155886	3159997	4111	Forward	Unknown	GTCTTAATCCCTTCTTCATCAGGTCTCGATTACAAC	Unknown	0	36	58	34.2758620689655	0.894291907449116	58	0.983050847457627	83.3333333333333	97.9341688714832	0.0	0.0	70.2758620689655	1.05030181086519	0	4	Sequence_1_Methylococcus_species_strain_strain-crispr_1_Methylococcus_species_strain_strain_8-spacers.fa
IO1	18	CAS-TypeIC	CP079098_1_Methylococcus_species_strain_strain	CP079098_1_Methylococcus_species_strain_strain	0	CP079098_1_Methylococcus_species_strain_strain_1	909603	910936	1333	Forward	R [0,4.87   Confidence: HIGH]	GTTTCAATCCACTCCCGGCTATTTAGCCGGGAGATAC	R6757	1	37	18	35.0555555555556	0.937595311059234	18	0.947368421052632	84.6153846153846	96.9490025751868	0.0	0.0	72.0555555555556	1.0554675118859	0	4	Sequence_CP079098_1_Methylococcus_species_strain_strain-crispr_CP079098_1_Methylococcus_species_strain_strain_1-spacers.fa
IO1	79	CAS-TypeIE	CP079098_1_Methylococcus_species_strain_strain	CP079098_1_Methylococcus_species_strain_strain	1	CP079098_1_Methylococcus_species_strain_strain_2	1187083	1191929	4846	Reverse	R [0,0.74   Confidence: HIGH]	GGTCTATCCCCGCGTGTGCGGGGGAGCC	R5229	1	28	79	33.0	0.0	79	0.9875	96.4285714285714	99.6537692640626	0.0	0.0	61.0	0.848484848484849	0	4	Sequence_CP079098_1_Methylococcus_species_strain_strain-crispr_CP079098_1_Methylococcus_species_strain_strain_2-spacers.fa
KN2	34	CAS-TypeIC	CP079097_1_Methylococcus_species_strain_strain	CP079097_1_Methylococcus_species_strain_strain	0	CP079097_1_Methylococcus_species_strain_strain_5	2940717	2943192	2475	Forward	R [0,4.87   Confidence: HIGH]	GTTTCAATCCACTCCCGGCTATTTAGCCGGGAGATAC	R6757	1	37	34	34.7352941176471	0.86370672384371	34	0.971428571428571	84.6153846153846	98.0802435192491	0.0	30.9946819039419	71.7352941176471	1.06519898391194	0	4	Sequence_CP079097_1_Methylococcus_species_strain_strain-crispr_CP079097_1_Methylococcus_species_strain_strain_5-spacers.fa
KN2	37	CAS-TypeIE	CP079097_1_Methylococcus_species_strain_strain	CP079097_1_Methylococcus_species_strain_strain	0	CP079097_1_Methylococcus_species_strain_strain_6	3219587	3221870	2283	Reverse	R [0,0.74   Confidence: HIGH]	GGTCTATCCCCGCGTGTGCGGGGGAGCC	R5229	1	28	37	32.972972972973	0.164398987305357	37	0.973684210526316	96.4285714285714	99.3729820505089	0.0	0.0	60.972972972973	0.849180327868852	0	4	Sequence_CP079097_1_Methylococcus_species_strain_strain-crispr_CP079097_1_Methylococcus_species_strain_strain_6-spacers.fa
IM1	62	CAS-TypeIC	AE017282_2_Methylococcus_species_strain_strain	AE017282_2_Methylococcus_species_strain_strain	1	AE017282_2_Methylococcus_species_strain_strain_1	679953	684452	4499	Forward	R [0,4.87   Confidence: HIGH]	GTTTCAATCCACTCCCGGCTATTTAGCCGGGAGATAC	R6757	1	37	62	34.9838709677419	1.20778805387275	62	0.984126984126984	84.6153846153846	98.7939008650373	0.0	0.0	71.9838709677419	1.05763024435224	0	4	Sequence_AE017282_2_Methylococcus_species_strain_strain-crispr_AE017282_2_Methylococcus_species_strain_strain_1-spacers.fa
IM1	7	CAS-TypeIE	AE017282_2_Methylococcus_species_strain_strain	AE017282_2_Methylococcus_species_strain_strain	0	AE017282_2_Methylococcus_species_strain_strain_2	971788	972242	454	Reverse	R [0,0.74   Confidence: HIGH]	GGTCTATCCCCGCGTGTGCGGGGGAGCC	R5229	1	28	7	33.0	0.0	7	875	96.4285714285714	98.0586984171443	0.0	0.0	61.0	0.848484848484849	0	4	Sequence_AE017282_2_Methylococcus_species_strain_strain-crispr_AE017282_2_Methylococcus_species_strain_strain_2-spacers.fa
BH	109	CAS-TypeIE	CP079096_1_Methylococcus_species_strain_strain	CP079096_1_Methylococcus_species_strain_strain	1	CP079096_1_Methylococcus_species_strain_strain_1	905782	912458	6676	Forward	Unknown	GGCTCCCCCGCACACGCGGGGATAGACC	Unknown	0	28	109	33.0	0.0	108	0.981818181818182	92.8571428571429	99.4663975917515	0.0	0.0	61.0	0.848484848484849	0	4	Sequence_CP079096_1_Methylococcus_species_strain_strain-crispr_CP079096_1_Methylococcus_species_strain_strain_1-spacers.fa
BH	70	CAS-TypeIC	CP079096_1_Methylococcus_species_strain_strain	CP079096_1_Methylococcus_species_strain_strain	0	CP079096_1_Methylococcus_species_strain_strain_2	1178605	1183650	5045	Reverse	Unknown	GTATCTCCCGGCTAAATAGCCGGGAGTGGATTGAAAC	Unknown	0	37	70	34.5571428571429	1.24685940871181	69	0.971830985915493	82.051282051282	98.6308713797969	0.0	84.0461321526004	71.5571428571428	1.07069036792063	0	4	Sequence_CP079096_1_Methylococcus_species_strain_strain-crispr_CP079096_1_Methylococcus_species_strain_strain_2-spacers.fa
McNor	29	CAS-TypeIE	OX458332_1_Methylococcus_species_strain_strain	OX458332_1_Methylococcus_species_strain_strain	0	OX458332_1_Methylococcus_species_strain_strain_1	403800	405595	1795	Forward	Unknown	GGCTCCCCCGCACACGCGGGGATAGACC	Unknown	0	28	29	32.9655172413793	0.185695338177052	29	0.966666666666667	96.4285714285714	99.2469917845767	0.0	0.0	60.9655172413793	0.849372384937239	0	4	Sequence_OX458332_1_Methylococcus_species_strain_strain-crispr_OX458332_1_Methylococcus_species_strain_strain_1-spacers.fa
McNor	32	CAS-TypeIC	OX458332_1_Methylococcus_species_strain_strain	OX458332_1_Methylococcus_species_strain_strain	1	OX458332_1_Methylococcus_species_strain_strain_2	710800	713129	2329	Reverse	Unknown	GTATCTCCCGGCTAAATAGCCGGGAGTGGATTGAAAC	Unknown	0	37	32	34.65625	0.901946819117474	32	0.96969696969697	84.6153846153846	97.9906741448861	0.0	0.0	71.65625	1.06762849413886	0	4	Sequence_OX458332_1_Methylococcus_species_strain_strain-crispr_OX458332_1_Methylococcus_species_strain_strain_2-spacers.fa
MIR	76	CAS-TypeIE	CP097161_1_Methylococcus_species_strain_strain	CP097161_1_Methylococcus_species_strain_strain	0	CP097161_1_Methylococcus_species_strain_strain_1	1290327	1294990	4663	Forward	Unknown	GGCTCCCCCGCACACGCGGGGATAGACC	Unknown	0	28	76	33.0	0.0	75	0.974025974025974	92.8571428571429	99.2857075499263	0.0	0.0	61.0	0.848484848484849	0	4	Sequence_CP097161_1_Methylococcus_species_strain_strain-crispr_CP097161_1_Methylococcus_species_strain_strain_1-spacers.fa
MIR	58	CAS-TypeIC	CP097161_1_Methylococcus_species_strain_strain	CP097161_1_Methylococcus_species_strain_strain	1	CP097161_1_Methylococcus_species_strain_strain_2	1561136	1565345	4209	Reverse	Unknown	GTATCTCCCGGCTAAATAGCCGGGAGTGGATTGAAAC	Unknown	0	37	58	34.948275862069	1.22004333821649	58	0.983050847457627	84.6153846153846	98.7287193055281	0.0	0.0	71.948275862069	1.05870744943266	0	4	Sequence_CP097161_1_Methylococcus_species_strain_strain-crispr_CP097161_1_Methylococcus_species_strain_strain_2-spacers.fa
EFPC2	110		NZ_CP070491_1_Methylococcus_species_strain_strain	NZ_CP070491_1_Methylococcus_species_strain_strain	0	NZ_CP070491_1_Methylococcus_species_strain_strain_2	2900598	2908509	7911	Reverse	Unknown	GTTTCAATCCACTCCCGGCTTATTGGCCGGGAGATAC	Unknown	0	37	110	34.5909090909091	1.09456920054375	110	0.990990990990991	94.5945945945946	99.5991919806599	0.0	0.0	71.5909090909091	1.06964520367937	0	4	Sequence_NZ_CP070491_1_Methylococcus_species_strain_strain-crispr_NZ_CP070491_1_Methylococcus_species_strain_strain_2-spacers.fa
EFPC2	138		NZ_CP070491_1_Methylococcus_species_strain_strain	NZ_CP070491_1_Methylococcus_species_strain_strain	1	NZ_CP070491_1_Methylococcus_species_strain_strain_4	3864946	3873407	8461	Forward	Unknown	CCGTTCCCCACGCCCGTGGGGATGAACCG	Unknown	0	29	138	32.1086956521739	0.334942692749392	130	0.935251798561151	86.2068965517241	97.8880382103591	0.0	0.0	61.1086956521739	0.903182125930941	0	4	Sequence_NZ_CP070491_1_Methylococcus_species_strain_strain-crispr_NZ_CP070491_1_Methylococcus_species_strain_strain_4-spacers.fa
Mc7	17	CAS-TypeIE	NZ_CP079095_1_Methylococcus_species_strain_strain	NZ_CP079095_1_Methylococcus_species_strain_strain	0	NZ_CP079095_1_Methylococcus_species_strain_strain_1	394379	395446	1067	Forward	Unknown	CCGTTCCCCACGCCTGTGGGGATGAACCG	Unknown	0	29	17	32.1176470588235	0.332105582077536	14	0.777777777777778	93.1034482758621	96.6911522386252	0.0	0.0	61.1176470588235	0.902930402930403	0	4	Sequence_NZ_CP079095_1_Methylococcus_species_strain_strain-crispr_NZ_CP079095_1_Methylococcus_species_strain_strain_1-spacers.fa
Mc7	40	CAS-TypeIC	NZ_CP079095_1_Methylococcus_species_strain_strain	NZ_CP079095_1_Methylococcus_species_strain_strain	0	NZ_CP079095_1_Methylococcus_species_strain_strain_2	682487	685382	2895	Reverse	Unknown	GTATCTCCCGGCTCAATAGCCGGGAGTGGATTGAAAC	Unknown	0	37	40	34.475	0.81610394008707	34	0.829268292682927	97.2972972972973	97.5493658152602	0.0	0.0	71.475	1.07324147933285	0	4	Sequence_NZ_CP079095_1_Methylococcus_species_strain_strain-crispr_NZ_CP079095_1_Methylococcus_species_strain_strain_2-spacers.fa
Mc7	20	CAS-TypeIF_1	NZ_CP079095_1_Methylococcus_species_strain_strain	NZ_CP079095_1_Methylococcus_species_strain_strain	0	NZ_CP079095_1_Methylococcus_species_strain_strain_7	1904431	1905659	1228	Reverse	Unknown	TTTCTGAGCTGCCTATGCGGCAGTGAAG	Unknown	0	28	20	32.05	0.223606797749979	20	0.952380952380952	96.4285714285714	99.0135877584002	0.0	0.0	60.05	0.873634945397816	0	4	Sequence_NZ_CP079095_1_Methylococcus_species_strain_strain-crispr_NZ_CP079095_1_Methylococcus_species_strain_strain_7-spacers.fa
Mc7	39	CAS-TypeIF_2	NZ_CP079095_1_Methylococcus_species_strain_strain	NZ_CP079095_1_Methylococcus_species_strain_strain	0	NZ_CP079095_1_Methylococcus_species_strain_strain_8	1909077	1911446	2369	Reverse	Unknown	TTTCTGAGCTGCCTATGCGGCAGTGAAG	Unknown	0	28	39	32.0512820512821	0.223455865030959	40	1.0	100.0	100.0	0.0	0.0	60.0512820512821	0.8736	0	4	Sequence_NZ_CP079095_1_Methylococcus_species_strain_strain-crispr_NZ_CP079095_1_Methylococcus_species_strain_strain_8-spacers.fa
Mc7	10	noCAS	NZ_CP079095_1_Methylococcus_species_strain_strain	NZ_CP079095_1_Methylococcus_species_strain_strain	0	NZ_CP079095_1_Methylococcus_species_strain_strain_10	3526925	3527660	735	Reverse	Unknown	GTCTTAATCCCTTCTTCATCAGGTCTCGATTACAAC	Unknown	0	36	10	34.0	0.666666666666667	11	1.0	100.0	100.0	0.0	0.0	70.0	1.05882352941176	0	4	Sequence_NZ_CP079095_1_Methylococcus_species_strain_strain-crispr_NZ_CP079095_1_Methylococcus_species_strain_strain_10-spacers.fa
Mc7	45	noCAS_1	NZ_CP079095_1_Methylococcus_species_strain_strain	NZ_CP079095_1_Methylococcus_species_strain_strain	1	NZ_CP079095_1_Methylococcus_species_strain_strain_11	3553031	3556189	3158	Reverse	Unknown	GTCTTAATCCCTTCTTCATCAGGTCTCGATTACTAC	Unknown	0	36	45	33.4	0.939051746081217	45	0.978260869565217	97.2222222222222	99.580286193008	0.0	0.0	69.4	1.07784431137725	0	4	Sequence_NZ_CP079095_1_Methylococcus_species_strain_strain-crispr_NZ_CP079095_1_Methylococcus_species_strain_strain_11-spacers.fa
IM1	124	CAS-TypeIF	NZ_CP046565_1_Methylococcus_geothermalis__str__IM1	NZ_CP046565_1_Methylococcus_geothermalis__str__IM1	0	NZ_CP046565_1_Methylococcus_geothermalis__str__IM1_1	1035970	1043440	7470	Reverse	Unknown	TTTCTGAGCTGCCTATGCGGCAGTGAAG	Unknown	0	28	124	32.0241935483871	0.2001507430864	125	1	100	100	0	14.3224504823918	60.0241935483871	0.874338957441451	0	4	Sequence_NZ_CP046565_1_Methylococcus_geothermalis__str__IM1-crispr_NZ_CP046565_1_Methylococcus_geothermalis__str__IM1_1-spacers.fa
IM1	51	CAS-TypeIC	NZ_CP046565_1_Methylococcus_geothermalis__str__IM1	NZ_CP046565_1_Methylococcus_geothermalis__str__IM1	1	NZ_CP046565_1_Methylococcus_geothermalis__str__IM1_2	1217202	1220898	3696	Forward	Unknown	GTTTCAATCCACTCCCGGCTATTGAGCCGGGAGATAC	Unknown	0	37	51	34.7647058823529	0.991730513680357	51	0.980769230769231	94.5945945945946	99.2589217356767	0	0	71.7647058823529	1.06429780033841	0	4	Sequence_NZ_CP046565_1_Methylococcus_geothermalis__str__IM1-crispr_NZ_CP046565_1_Methylococcus_geothermalis__str__IM1_2-spacers.fa
IM1	22	CAS-TypeIIIA	NZ_CP046565_1_Methylococcus_geothermalis__str__IM1	NZ_CP046565_1_Methylococcus_geothermalis__str__IM1	0	NZ_CP046565_1_Methylococcus_geothermalis__str__IM1_3	2377157	2378721	1564	Forward	Unknown	GTAGTAATCGAGACCTGATGAAGAAGGGATTAAGAC	Unknown	0	36	22	33.5	0.740012869900955	21	0.91304347826087	75	93.5495332833796	0	0	69.5	1.07462686567164	0	4	Sequence_NZ_CP046565_1_Methylococcus_geothermalis__str__IM1-crispr_NZ_CP046565_1_Methylococcus_geothermalis__str__IM1_3-spacers.fa