Strain	Sequence	Sequence_basename	Duplicated_Spacers	CRISPR_Id	CRISPR_Start	CRISPR_End	CRISPR_Length	Potential_Orientation (AT%)	CRISPRDirection	Consensus_Repeat	Repeat_ID (CRISPRdb)	Nb_CRISPRs_with_same_Repeat (CRISPRdb)	Repeat_Length	Spacers_Nb	Mean_size_Spacers	Standard_Deviation_Spacers	Nb_Repeats_matching_Consensus	Ratio_Repeats_match/TotalRepeat	Conservation_Repeats (% identity)	EBcons_Repeats	Conservation_Spacers (% identity)	EBcons_Spacers	Repeat_Length_plus_mean_size_Spacers	Ratio_Repeat/mean_Spacers_Length	CRISPR_found_in_DB (if sequence IDs are similar)	Evidence_Level
Unknown	NZ_CP079095_1_Methylococcus_species_strain_strain	NZ_CP079095_1_Methylococcus_species_strain_strain	0	NZ_CP079095_1_Methylococcus_species_strain_strain_1	394379	395446	1067	Forward	Unknown	CCGTTCCCCACGCCTGTGGGGATGAACCG	Unknown	0	29	17	32.1176470588235	0.332105582077536	14	0.777777777777778	93.1034482758621	96.6911522386252	0	0	61.1176470588235	0.902930402930403	0	4
Unknown	NZ_CP079095_1_Methylococcus_species_strain_strain	NZ_CP079095_1_Methylococcus_species_strain_strain	0	NZ_CP079095_1_Methylococcus_species_strain_strain_2	682487	685382	2895	Reverse	Unknown	GTATCTCCCGGCTCAATAGCCGGGAGTGGATTGAAAC	Unknown	0	37	40	34.475	0.81610394008707	34	0.829268292682927	97.2972972972973	97.5493658152602	0	0	71.475	1.07324147933285	0	4
Unknown	NZ_CP079095_1_Methylococcus_species_strain_strain	NZ_CP079095_1_Methylococcus_species_strain_strain	0	NZ_CP079095_1_Methylococcus_species_strain_strain_3	749702	749793	91	Forward	Unknown	GCTCCCTTGATCGCGGCGGAGCCGCTCC	Unknown	0	28	1	36	0	2	1	100	100	100	100	64	0.777777777777778	0	1
Unknown	NZ_CP079095_1_Methylococcus_species_strain_strain	NZ_CP079095_1_Methylococcus_species_strain_strain	0	NZ_CP079095_1_Methylococcus_species_strain_strain_4	826498	826606	108	Reverse	Unknown	GGGAGAACGACCGATGACGTCCGTCCACCGTTGCGCC	Unknown	0	37	1	35	0	2	1	100	100	100	100	72	1.05714285714286	0	1
Unknown	NZ_CP079095_1_Methylococcus_species_strain_strain	NZ_CP079095_1_Methylococcus_species_strain_strain	0	NZ_CP079095_1_Methylococcus_species_strain_strain_5	895366	895482	116	Forward	Unknown	AGCGCATCCGCCAAACTCGGCTCCGCCGCTCT	Unknown	0	32	1	53	0	1	0.5	96.875	96.875	100	100	85	0.60377358490566	0	1
Unknown	NZ_CP079095_1_Methylococcus_species_strain_strain	NZ_CP079095_1_Methylococcus_species_strain_strain	0	NZ_CP079095_1_Methylococcus_species_strain_strain_6	1406180	1406263	83	Forward	Unknown	AGGGTGGGAGCACGGATTCAGGT	Unknown	0	23	1	38	0	1	0.5	95.6521739130435	95.6521739130435	100	100	61	0.605263157894737	0	1
Unknown	NZ_CP079095_1_Methylococcus_species_strain_strain	NZ_CP079095_1_Methylococcus_species_strain_strain	0	NZ_CP079095_1_Methylococcus_species_strain_strain_7	1904431	1905659	1228	Reverse	Unknown	TTTCTGAGCTGCCTATGCGGCAGTGAAG	Unknown	0	28	20	32.05	0.223606797749979	20	0.952380952380952	96.4285714285714	99.0135877584002	0	0	60.05	0.873634945397816	0	4
Unknown	NZ_CP079095_1_Methylococcus_species_strain_strain	NZ_CP079095_1_Methylococcus_species_strain_strain	0	NZ_CP079095_1_Methylococcus_species_strain_strain_8	1909077	1911446	2369	Reverse	Unknown	TTTCTGAGCTGCCTATGCGGCAGTGAAG	Unknown	0	28	39	32.0512820512821	0.223455865030959	40	1	100	100	0	0	60.0512820512821	0.8736	0	4
Unknown	NZ_CP079095_1_Methylococcus_species_strain_strain	NZ_CP079095_1_Methylococcus_species_strain_strain	0	NZ_CP079095_1_Methylococcus_species_strain_strain_9	2338539	2338631	92	Unknown	Unknown	TGTTCTTCCCCCCTGACAAGGGGGGAC	Unknown	0	27	1	39	0	1	0.5	96.2962962962963	96.2962962962963	100	100	66	0.692307692307692	0	1
Unknown	NZ_CP079095_1_Methylococcus_species_strain_strain	NZ_CP079095_1_Methylococcus_species_strain_strain	0	NZ_CP079095_1_Methylococcus_species_strain_strain_10	3526925	3527660	735	Reverse	Unknown	GTCTTAATCCCTTCTTCATCAGGTCTCGATTACAAC	Unknown	0	36	10	34	0.666666666666667	11	1	100	100	0	0	70	1.05882352941176	0	4
Unknown	NZ_CP079095_1_Methylococcus_species_strain_strain	NZ_CP079095_1_Methylococcus_species_strain_strain	1	NZ_CP079095_1_Methylococcus_species_strain_strain_11	3553031	3556189	3158	Reverse	Unknown	GTCTTAATCCCTTCTTCATCAGGTCTCGATTACTAC	Unknown	0	36	45	33.4	0.939051746081217	45	0.978260869565217	97.2222222222222	99.580286193008	0	0	69.4	1.07784431137725	0	4
Unknown	NZ_CP079095_1_Methylococcus_species_strain_strain	NZ_CP079095_1_Methylococcus_species_strain_strain	0	NZ_CP079095_1_Methylococcus_species_strain_strain_12	3648985	3649064	79	Unknown	Unknown	CCCATCATGCCCATGCCGCCCAT	Unknown	0	23	1	34	0	1	0.5	83.3333333333333	87.5	100	100	57	0.676470588235294	0	1
Unknown	NZ_CP079095_1_Methylococcus_species_strain_strain	NZ_CP079095_1_Methylococcus_species_strain_strain	0	NZ_CP079095_1_Methylococcus_species_strain_strain_13	3797432	3797529	97	Forward	Unknown	CGCGGCTGAGCCGCTTCTACGGG	Unknown	0	23	1	52	0	1	0.5	95.6521739130435	95.6521739130435	100	100	75	0.442307692307692	0	1

